Date,Open,High,Low,Close,Volume,Dividends,Stock Splits,MA9,MA21,uptrend,upcross,downtrend,downcross
2025-05-15 00:00:00+05:30,1419.3313670179805,1455.5865925696291,1407.0802476372012,1448.4151611328125,20177211,0.0,0.0,,,0,0.0,0,0.0
2025-05-16 00:00:00+05:30,1447.4191020051853,1455.1881221330052,1441.542669553187,1450.6064453125,9036695,0.0,0.0,,,0,0.0,0,0.0
2025-05-19 00:00:00+05:30,1446.3234565863577,1448.81351147394,1432.4787270944578,1435.0684814453125,6195791,0.0,0.0,,,0,0.0,0,0.0
2025-05-20 00:00:00+05:30,1432.4787356808251,1439.2517336495314,1416.1440727881434,1418.932861328125,11270560,0.0,0.0,,,0,0.0,0,0.0
2025-05-21 00:00:00+05:30,1418.235682967954,1430.486680037078,1412.458707007589,1423.5145263671875,6136364,0.0,0.0,,,0,0.0,0,0.0
2025-05-22 00:00:00+05:30,1415.5464438973825,1418.1361984129633,1391.3431818014155,1403.79345703125,12134466,0.0,0.0,,,0,0.0,0,0.0
2025-05-23 00:00:00+05:30,1401.0045498118507,1428.0964217220903,1401.0045498118507,1421.124267578125,6474883,0.0,0.0,,,0,0.0,0,0.0
2025-05-26 00:00:00+05:30,1426.3034970063507,1435.2676949623963,1419.430920923106,1429.0924072265625,4842944,0.0,0.0,,,0,0.0,0,0.0
2025-05-27 00:00:00+05:30,1420.4269591196573,1431.2836233071982,1408.275539274527,1416.44287109375,12640414,0.0,0.0,1427.443386501736,,0,0.0,0,0.0
2025-05-28 00:00:00+05:30,1414.4508509493858,1416.9409060075968,1405.0882196135674,1407.279541015625,5944611,0.0,0.0,1422.8727620442708,,0,0.0,0,0.0
2025-05-29 00:00:00+05:30,1406.4826358531975,1414.3512339364067,1402.996558868143,1412.1600341796875,13771917,0.0,0.0,1418.6009385850693,,0,0.0,0,0.0
2025-05-30 00:00:00+05:30,1412.3591925541664,1424.9090454066043,1404.0921613404494,1415.2476806640625,13788484,0.0,0.0,1416.3986273871528,,0,0.0,0,0.0
2025-06-02 00:00:00+05:30,1406.4826830156508,1411.8612262898896,1390.0483195350275,1408.0762939453125,8098668,0.0,0.0,1415.1923421223958,,0,0.0,0,0.0
2025-06-03 00:00:00+05:30,1416.6421539546416,1420.8253977642241,1397.8173136420837,1399.908935546875,11252626,0.0,0.0,1412.5694986979167,,0,0.0,0,0.0
2025-06-04 00:00:00+05:30,1409.0722382665938,1420.0284799827916,1400.506473605418,1417.8372802734375,8126827,0.0,0.0,1414.1299235026042,,0,0.0,0,0.0
2025-06-05 00:00:00+05:30,1422.3193687346825,1448.913106617055,1417.9368477633755,1436.662109375,13716817,0.0,0.0,1415.8563503689236,,0,0.0,0,0.0
2025-06-06 00:00:00+05:30,1435.2676355449807,1445.7258660607492,1431.28354772945,1437.7576904296875,8182161,0.0,0.0,1416.8191596137153,,0,0.0,0,0.0
2025-06-09 00:00:00+05:30,1451.204075048637,1451.70208605586,1439.5506661134996,1443.0367431640625,7885125,0.0,0.0,1419.7740342881943,,0,0.0,0,0.0
2025-06-10 00:00:00+05:30,1444.2318404180787,1448.1163503747662,1430.2875329933524,1432.777587890625,7913181,0.0,0.0,1422.607150607639,,0,0.0,0,0.0
2025-06-11 00:00:00+05:30,1440.0485867347081,1462.7578142878924,1437.3592545136698,1443.13623046875,8195700,0.0,0.0,1426.0489501953125,,0,0.0,0,0.0
2025-06-12 00:00:00+05:30,1447.7179200254843,1451.2039968882907,1428.6939248911115,1435.865234375,8828114,0.0,0.0,1428.3397894965278,1425.558849516369,1,1435.865234375,0,0.0
2025-06-13 00:00:00+05:30,1418.335338487147,1429.7895915718395,1408.6739736495979,1422.2198486328125,9757276,0.0,0.0,1429.9112955729167,1424.3114536830358,0,0.0,1,1422.2198486328125
2025-06-16 00:00:00+05:30,1421.223780491138,1436.6621211041454,1418.7337255535563,1432.0804443359375,8458093,0.0,0.0,1433.4859076605903,1423.4292631603423,1,1432.0804443359375,0,0.0
2025-06-17 00:00:00+05:30,1442.2398094911548,1442.2398094911548,1420.12817043809,1425.506591796875,10366599,0.0,0.0,1434.3380533854167,1422.9739350818452,1,0.0,0,0.0
2025-06-18 00:00:00+05:30,1424.3114328610282,1437.0605628519918,1420.028489708749,1424.4110107421875,6681735,0.0,0.0,1432.9768202039932,1423.2347993396577,1,0.0,0,0.0
2025-06-19 00:00:00+05:30,1424.4110453044384,1434.1721095891817,1420.0285241646616,1427.598388671875,10007230,0.0,0.0,1431.8480088975693,1423.4292689732142,1,0.0,0,0.0
2025-06-20 00:00:00+05:30,1425.3075053013417,1465.148385952672,1422.4190171371765,1460.367431640625,29010635,0.0,0.0,1433.7736409505208,1426.123267764137,1,0.0,0,0.0
2025-06-23 00:00:00+05:30,1447.2199506188397,1457.9770367383994,1436.2637087352834,1451.0048828125,5989078,0.0,0.0,1435.7988959418403,1427.546154203869,1,0.0,0,0.0
2025-06-24 00:00:00+05:30,1459.1721495093714,1469.1323689599471,1437.359244595668,1445.0286865234375,16402744,0.0,0.0,1436.0091688368057,1428.3050246465773,1,0.0,0,0.0
2025-06-25 00:00:00+05:30,1458.1762135192969,1466.5428226679085,1454.690136506102,1461.463134765625,7525851,0.0,0.0,1438.8533799913193,1430.4488467261904,1,0.0,0,0.0
2025-06-26 00:00:00+05:30,1463.2558362824063,1492.8377614283193,1459.2717484446844,1489.3516845703125,14657893,0.0,0.0,1446.312472873264,1434.3570440383185,1,0.0,0,0.0
2025-06-27 00:00:00+05:30,1493.4353527246628,1515.9454247275912,1490.9452978220222,1509.3717041015625,11117052,0.0,0.0,1454.900390625,1438.9861711774554,1,0.0,0,0.0
2025-06-30 00:00:00+05:30,1507.7781788170053,1518.734421010171,1490.0489382705405,1494.630615234375,8409527,0.0,0.0,1462.580837673611,1442.7663109188989,1,0.0,0,0.0
2025-07-01 00:00:00+05:30,1494.630607775488,1525.3081343971446,1494.132596769193,1522.320068359375,10368523,0.0,0.0,1473.4596218532986,1448.2064906529017,1,0.0,0,0.0
2025-07-02 00:00:00+05:30,1522.3200879079554,1523.9136988316197,1502.6983810571346,1512.75830078125,6361002,0.0,0.0,1482.9218343098958,1453.5802699497767,1,0.0,0,0.0
2025-07-03 00:00:00+05:30,1514.7502729656235,1525.8060926058627,1506.9812529023668,1511.76220703125,11283291,0.0,0.0,1488.6323649088542,1458.0528855096727,1,0.0,0,0.0
2025-07-04 00:00:00+05:30,1517.9375659885409,1523.913698138102,1511.1645675851503,1521.2244873046875,6603501,0.0,0.0,1496.434543185764,1462.0796654110864,1,0.0,0,0.0
2025-07-07 00:00:00+05:30,1520.5271677380254,1538.65484117058,1518.933556847784,1535.367919921875,7251074,0.0,0.0,1506.4722357855903,1466.727771577381,1,0.0,0,0.0
2025-07-08 00:00:00+05:30,1529.8897875590692,1538.7544076502807,1524.1128113419518,1531.4833984375,7171261,0.0,0.0,1514.2522650824653,1470.9395170665923,1,0.0,0,0.0
2025-07-09 00:00:00+05:30,1530.586937987722,1544.8301010282516,1504.0927774643353,1512.9573974609375,8870660,0.0,0.0,1516.8751220703125,1474.757603236607,1,0.0,0,0.0
2025-07-10 00:00:00+05:30,1513.654605815878,1518.6347158851345,1501.5031858807802,1511.16455078125,10047129,0.0,0.0,1517.0743272569443,1477.997047061012,1,0.0,0,0.0
2025-07-11 00:00:00+05:30,1505.9852937598653,1508.9733598189127,1484.3716645666439,1489.2520751953125,7234991,0.0,0.0,1516.4767116970486,1480.5392775762648,1,0.0,0,0.0
2025-07-14 00:00:00+05:30,1486.263916129696,1494.0329360309418,1473.2160528053016,1477.7977294921875,10311846,0.0,0.0,1511.52978515625,1483.1858433314733,0,0.0,1,1477.7977294921875
2025-07-15 00:00:00+05:30,1480.2878335086834,1490.5469086437597,1476.503022895967,1479.4910888671875,8132454,0.0,0.0,1507.8334282769097,1485.4434930710565,0,0.0,1,0.0
2025-07-16 00:00:00+05:30,1467.1403332858122,1485.068728397248,1465.6463003598592,1479.690185546875,10409983,0.0,0.0,1504.2698703342014,1488.0236642020088,0,0.0,1,0.0
2025-07-17 00:00:00+05:30,1481.4830970988435,1483.674296790977,1468.0368005528198,1470.52685546875,11854613,0.0,0.0,1498.6368001302083,1490.2196568080358,0,0.0,1,0.0
2025-07-18 00:00:00+05:30,1478.8934598804974,1478.8934598804974,1463.2558421043927,1470.12841796875,10296318,0.0,0.0,1491.387966579861,1492.244896298363,0,0.0,1,0.0
2025-07-21 00:00:00+05:30,1459.1722169809668,1470.128458883213,1417.4388712363768,1422.9169921875,22442744,0.0,0.0,1479.3250325520833,1490.4615420386904,0,0.0,1,0.0
2025-07-22 00:00:00+05:30,1421.721828538219,1426.2039275426996,1405.0881881707605,1407.179931640625,20396320,0.0,0.0,1467.5719807942708,1488.3746396019346,0,0.0,1,0.0
2025-07-23 00:00:00+05:30,1420.3273163904719,1420.3273163904719,1408.7734859597779,1418.932861328125,8354596,0.0,0.0,1457.3240152994792,1487.1319812593006,0,0.0,1,0.0
2025-07-24 00:00:00+05:30,1413.554298653669,1417.3392306864348,1390.4466381154343,1397.3192138671875,14740507,0.0,0.0,1447.1092529296875,1484.0775088355654,0,0.0,1,0.0
2025-07-25 00:00:00+05:30,1393.3351272649268,1395.4267490386208,1378.593953801798,1386.1636962890625,11854722,0.0,0.0,1436.9276936848958,1479.163795107887,0,0.0,1,0.0
2025-07-28 00:00:00+05:30,1386.7614543919697,1402.199795115413,1379.490445288333,1382.080078125,7748361,0.0,0.0,1426.104248046875,1473.1022891090029,0,0.0,1,0.0
2025-07-29 00:00:00+05:30,1377.4984422704579,1414.550412474214,1377.4984422704579,1411.4627685546875,10750072,0.0,0.0,1418.5234239366318,1469.1419154575892,0,0.0,1,0.0
2025-07-30 00:00:00+05:30,1412.458776601272,1417.6381639620695,1395.7256799199,1404.4906005859375,7209849,0.0,0.0,1411.186062282986,1463.5309884207588,0,0.0,1,0.0
2025-07-31 00:00:00+05:30,1382.5780559389787,1397.0203743336986,1376.7015020683227,1384.669677734375,17065827,0.0,0.0,1401.690646701389,1457.4315301804315,0,0.0,1,0.0
2025-08-01 00:00:00+05:30,1381.3828853186424,1400.3073026227253,1378.7932525308158,1388.15576171875,10321171,0.0,0.0,1397.8282877604167,1451.5455089750744,0,0.0,1,0.0
2025-08-04 00:00:00+05:30,1389.5502251510159,1410.466686507784,1386.1637261382157,1405.885009765625,6312820,0.0,0.0,1397.6844075520833,1446.0531529017858,0,0.0,1,0.0
2025-08-05 00:00:00+05:30,1405.38696851784,1405.38696851784,1382.5780415934858,1386.1636962890625,9315972,0.0,0.0,1394.0433892144097,1438.9481898716517,0,0.0,1,0.0
2025-08-06 00:00:00+05:30,1386.3630773472378,1390.3471654369864,1377.797312271222,1387.259521484375,5834312,0.0,0.0,1392.9256456163193,1432.0803862072173,0,0.0,1,0.0
2025-08-07 00:00:00+05:30,1382.1796145349972,1388.1557462486337,1360.5659868045632,1383.8729248046875,9976705,0.0,0.0,1392.671115451389,1425.9335065569196,0,0.0,1,0.0
2025-08-08 00:00:00+05:30,1379.4904158119157,1391.6418351007062,1359.569976594415,1362.35888671875,8793606,0.0,0.0,1390.4798719618057,1418.8475225539435,0,0.0,1,0.0
2025-08-11 00:00:00+05:30,1364.5501609316866,1382.4785572067015,1355.7851185633474,1380.6856689453125,9997486,0.0,0.0,1387.0601942274307,1413.6776936848958,0,0.0,1,0.0
2025-08-12 00:00:00+05:30,1376.4028464986861,1396.3232867936674,1369.7294260490362,1374.9088134765625,12244664,0.0,0.0,1383.7733289930557,1408.7782214936756,0,0.0,1,0.0
2025-08-13 00:00:00+05:30,1382.4785186353236,1386.2634508216695,1372.0202877666845,1377.0999755859375,7457021,0.0,0.0,1382.9322509765625,1403.9024541945685,0,0.0,1,0.0
2025-08-14 00:00:00+05:30,1377.300048828125,1380.699951171875,1370.0999755859375,1373.800048828125,7126128,5.5,0.0,1381.3371717664932,1398.8600667317708,0,0.0,1,0.0
2025-08-18 00:00:00+05:30,1390.0,1394.9000244140625,1377.0,1381.699951171875,11785109,0.0,0.0,1378.6499430338542,1394.6302141462054,0,0.0,1,0.0
2025-08-19 00:00:00+05:30,1390.0,1421.0,1389.0999755859375,1420.0999755859375,14384719,0.0,0.0,1382.4206407335068,1392.2479073660713,1,1420.0999755859375,0,0.0
2025-08-20 00:00:00+05:30,1413.0,1424.9000244140625,1410.0,1413.0,8725641,0.0,0.0,1385.2806939019097,1391.775669642857,1,0.0,0,0.0
2025-08-21 00:00:00+05:30,1425.0,1431.9000244140625,1420.300048828125,1424.800048828125,11021323,0.0,0.0,1389.828152126736,1392.614722842262,1,0.0,0,0.0
2025-08-22 00:00:00+05:30,1420.0,1423.4000244140625,1407.9000244140625,1409.199951171875,5818868,0.0,0.0,1395.03271484375,1392.1512509300596,1,0.0,0,0.0
2025-08-25 00:00:00+05:30,1414.699951171875,1419.5,1405.699951171875,1412.5999755859375,5979407,0.0,0.0,1398.5787489149307,1392.87890625,1,0.0,0,0.0
2025-08-26 00:00:00+05:30,1408.0,1410.0,1381.5999755859375,1384.9000244140625,12145259,0.0,0.0,1399.6888834635417,1392.8187313988096,0,0.0,1,1384.9000244140625
2025-08-28 00:00:00+05:30,1389.9000244140625,1392.199951171875,1366.5,1385.9000244140625,13161813,0.0,0.0,1400.6666666666667,1393.0006336030506,0,0.0,1,0.0
2025-08-29 00:00:00+05:30,1381.0999755859375,1403.5,1350.0,1357.199951171875,18758842,0.0,0.0,1398.8222113715278,1390.4166899181548,0,0.0,1,0.0
2025-09-01 00:00:00+05:30,1356.0,1363.199951171875,1340.5999755859375,1353.9000244140625,11232238,0.0,0.0,1395.7333306206597,1388.0076148623511,0,0.0,1,0.0
2025-09-02 00:00:00+05:30,1354.800048828125,1384.5,1354.5,1366.5,11517006,0.0,0.0,1389.7777777777778,1387.1423921130952,0,0.0,1,0.0
2025-09-03 00:00:00+05:30,1369.699951171875,1376.5,1360.5,1372.5999755859375,7847563,0.0,0.0,1385.2888861762153,1386.4016403924852,0,0.0,1,0.0
2025-09-04 00:00:00+05:30,1371.800048828125,1374.0,1357.0999755859375,1359.300048828125,13223177,0.0,0.0,1378.0111083984375,1384.1833089192708,0,0.0,1,0.0
2025-09-05 00:00:00+05:30,1363.0,1381.0,1359.300048828125,1375.0,5777575,0.0,0.0,1374.2111138237847,1383.6517043340773,0,0.0,1,0.0
2025-09-08 00:00:00+05:30,1380.0,1386.0,1372.4000244140625,1378.5,6986720,0.0,0.0,1370.4222276475693,1383.234584263393,0,0.0,1,0.0
2025-09-09 00:00:00+05:30,1376.5999755859375,1381.199951171875,1368.699951171875,1376.199951171875,9754452,0.0,0.0,1369.4555528428818,1382.8692045665923,0,0.0,1,0.0
2025-09-10 00:00:00+05:30,1383.9000244140625,1388.5,1374.0999755859375,1377.0,7790815,0.0,0.0,1368.4666612413193,1383.5664004371279,0,0.0,1,0.0
2025-09-11 00:00:00+05:30,1376.0,1385.5,1375.0,1383.300048828125,9766072,0.0,0.0,1371.366672092014,1383.690894717262,0,0.0,1,0.0
2025-09-12 00:00:00+05:30,1383.300048828125,1396.300048828125,1380.5,1395.0,7403368,0.0,0.0,1375.9333360460068,1384.6476178850446,1,1395.0,0,0.0
2025-09-15 00:00:00+05:30,1393.0,1400.800048828125,1388.5999755859375,1399.300048828125,5396697,0.0,0.0,1379.5777859157986,1385.7047642299108,1,0.0,0,0.0
2025-09-16 00:00:00+05:30,1404.699951171875,1408.0,1398.199951171875,1405.300048828125,8686961,0.0,0.0,1383.2111273871528,1387.2047642299108,1,0.0,0,0.0
2025-09-17 00:00:00+05:30,1407.0,1416.199951171875,1406.9000244140625,1413.800048828125,7519417,0.0,0.0,1389.2666829427083,1388.7333403087798,1,0.0,0,0.0
2025-09-18 00:00:00+05:30,1420.4000244140625,1422.0,1410.699951171875,1415.0,9332642,0.0,0.0,1393.7111273871528,1388.4904843284971,1,0.0,0,0.0
2025-09-19 00:00:00+05:30,1414.9000244140625,1417.0,1403.5999755859375,1407.4000244140625,13461373,0.0,0.0,1396.9222412109375,1388.2238188244048,1,0.0,0,0.0
2025-09-22 00:00:00+05:30,1403.9000244140625,1410.699951171875,1388.0,1390.5999755859375,7757970,0.0,0.0,1398.522243923611,1386.5952439081102,1,0.0,0,0.0
2025-09-23 00:00:00+05:30,1391.0,1395.0,1376.800048828125,1389.800048828125,14014702,0.0,0.0,1399.9444715711807,1385.6714390345983,1,0.0,0,0.0
2025-09-24 00:00:00+05:30,1385.300048828125,1396.0,1380.4000244140625,1383.0,5922759,0.0,0.0,1399.9111328125,1384.2619163876489,0,0.0,1,1383.0
2025-09-25 00:00:00+05:30,1381.300048828125,1384.5,1369.0,1372.4000244140625,11411143,0.0,0.0,1397.4000244140625,1383.6666782924108,0,0.0,1,0.0
2025-09-26 00:00:00+05:30,1372.0,1382.699951171875,1366.0,1377.5999755859375,9879109,0.0,0.0,1394.9889051649307,1383.2714378720239,0,0.0,1,0.0
2025-09-29 00:00:00+05:30,1381.5999755859375,1389.0,1368.0,1372.800048828125,14231999,0.0,0.0,1391.3777940538193,1384.0142996651787,0,0.0,1,0.0
2025-09-30 00:00:00+05:30,1377.0999755859375,1377.0999755859375,1362.800048828125,1364.0,14604684,0.0,0.0,1385.844455295139,1384.4952508835565,0,0.0,1,0.0
2025-10-01 00:00:00+05:30,1367.0,1378.5999755859375,1362.699951171875,1368.699951171875,12045916,0.0,0.0,1380.7000054253472,1384.6000104631696,0,0.0,1,0.0
2025-10-03 00:00:00+05:30,1363.199951171875,1371.5999755859375,1356.9000244140625,1363.4000244140625,12842347,0.0,0.0,1375.8111165364583,1384.1619175502233,0,0.0,1,0.0
2025-10-06 00:00:00+05:30,1360.0,1377.4000244140625,1359.0,1375.0,12396580,0.0,0.0,1374.0777859157986,1384.9095342726935,0,0.0,1,0.0
2025-10-07 00:00:00+05:30,1376.0,1395.9000244140625,1375.9000244140625,1384.800048828125,11244040,0.0,0.0,1373.5222303602432,1385.3762032645088,0,0.0,1,0.0
2025-10-08 00:00:00+05:30,1384.800048828125,1389.0,1364.5,1367.4000244140625,8525081,0.0,0.0,1371.7888997395833,1384.847632998512,0,0.0,1,0.0
2025-10-09 00:00:00+05:30,1374.0,1380.0,1369.0999755859375,1377.800048828125,8826633,0.0,0.0,1372.3889024522568,1384.923828125,0,0.0,1,0.0
2025-10-10 00:00:00+05:30,1377.800048828125,1388.0,1375.0999755859375,1381.699951171875,6373084,0.0,0.0,1372.844455295139,1385.1476353236608,0,0.0,1,0.0
2025-10-13 00:00:00+05:30,1376.9000244140625,1377.699951171875,1367.800048828125,1375.0,7600682,0.0,0.0,1373.088894314236,1384.7523949032739,0,0.0,1,0.0
2025-10-14 00:00:00+05:30,1380.0,1388.0,1370.0999755859375,1375.9000244140625,9768174,0.0,0.0,1374.4111192491318,1383.8428722563244,0,0.0,1,0.0
2025-10-15 00:00:00+05:30,1383.0,1384.0,1372.699951171875,1374.300048828125,10882743,0.0,0.0,1375.0333523220486,1382.6523960658483,0,0.0,1,0.0
2025-10-16 00:00:00+05:30,1375.0999755859375,1400.5,1375.0,1398.300048828125,12315932,0.0,0.0,1378.9111328125,1382.3190627325148,1,1398.300048828125,0,0.0
2025-10-17 00:00:00+05:30,1401.0,1423.300048828125,1399.0999755859375,1416.800048828125,19335561,0.0,0.0,1383.5555826822917,1382.4619198753721,1,0.0,0,0.0
2025-10-20 00:00:00+05:30,1440.0,1473.800048828125,1433.300048828125,1466.800048828125,24721978,0.0,0.0,1392.6666937934028,1384.9285888671875,1,0.0,0,0.0
2025-10-21 00:00:00+05:30,1468.0,1474.0,1460.0,1465.199951171875,2066169,0.0,0.0,1403.5333523220486,1387.6809663318452,1,0.0,0,0.0
2025-10-23 00:00:00+05:30,1475.0,1482.9000244140625,1444.5999755859375,1448.4000244140625,18707090,0.0,0.0,1411.3777940538193,1390.433349609375,1,0.0,0,0.0
2025-10-24 00:00:00+05:30,1450.0,1459.800048828125,1441.0,1451.5999755859375,9700837,0.0,0.0,1419.1444634331597,1393.3762032645088,1,0.0,0,0.0
2025-10-27 00:00:00+05:30,1463.0,1485.0,1458.0,1484.0999755859375,14113867,0.0,0.0,1431.2666829427083,1398.1904878162202,1,0.0,0,0.0
2025-10-28 00:00:00+05:30,1484.0999755859375,1492.0,1477.5999755859375,1486.9000244140625,17631577,0.0,0.0,1443.6000162760417,1403.6428687686011,1,0.0,0,0.0
2025-10-29 00:00:00+05:30,1490.0,1508.300048828125,1488.0999755859375,1504.199951171875,11884745,0.0,0.0,1458.0333387586807,1409.6714390345983,1,0.0,0,0.0
2025-10-30 00:00:00+05:30,1500.0,1503.0999755859375,1484.0,1488.5,9318663,0.0,0.0,1468.0555555555557,1415.1809605189733,1,0.0,0,0.0
2025-10-31 00:00:00+05:30,1490.4000244140625,1497.5,1482.300048828125,1486.4000244140625,8758053,0.0,0.0,1475.7888861762153,1421.009533110119,1,0.0,0,0.0
2025-11-03 00:00:00+05:30,1486.0,1495.0,1479.300048828125,1484.699951171875,8452085,0.0,0.0,1477.7777642144097,1426.5333426339287,1,0.0,0,0.0
2025-11-04 00:00:00+05:30,1483.9000244140625,1492.800048828125,1470.0999755859375,1473.0999755859375,10007806,0.0,0.0,1478.655544704861,1431.7571498325892,1,0.0,0,0.0
2025-11-06 00:00:00+05:30,1484.0,1501.5999755859375,1476.199951171875,1496.0999755859375,16772678,0.0,0.0,1483.955539279514,1437.5238153366815,1,0.0,0,0.0
2025-11-07 00:00:00+05:30,1494.5999755859375,1498.4000244140625,1475.9000244140625,1478.0,7821765,0.0,0.0,1486.8888753255208,1441.9619082496279,1,0.0,0,0.0
2025-11-10 00:00:00+05:30,1477.9000244140625,1501.0,1475.5,1489.300048828125,7068438,0.0,0.0,1487.4666612413193,1447.7666713169642,1,0.0,0,0.0
2025-11-11 00:00:00+05:30,1497.0,1498.800048828125,1480.199951171875,1493.4000244140625,7127506,0.0,0.0,1488.1888834635417,1453.2714320591517,1,0.0,0,0.0
2025-11-12 00:00:00+05:30,1505.0,1524.699951171875,1500.0,1511.5,12384459,0.0,0.0,1489.0,1459.4523867652529,1,0.0,0,0.0
2025-11-13 00:00:00+05:30,1515.0,1522.0999755859375,1506.800048828125,1510.9000244140625,7196443,0.0,0.0,1491.4888916015625,1465.923816499256,1,0.0,0,0.0
2025-11-14 00:00:00+05:30,1505.5,1520.9000244140625,1505.5,1518.9000244140625,7682823,0.0,0.0,1495.1000027126736,1472.7333403087798,1,0.0,0,0.0
2025-11-17 00:00:00+05:30,1520.9000244140625,1523.699951171875,1511.5,1518.300048828125,5871416,0.0,0.0,1498.8333468967014,1479.5904831659227,1,0.0,0,0.0
2025-11-18 00:00:00+05:30,1521.699951171875,1527.800048828125,1510.5,1519.4000244140625,11045042,0.0,0.0,1503.9777967664932,1485.3571486700148,1,0.0,0,0.0
2025-11-19 00:00:00+05:30,1517.4000244140625,1522.300048828125,1512.0,1518.9000244140625,5692366,0.0,0.0,1506.5111355251736,1490.2190522693452,1,0.0,0,0.0
2025-11-20 00:00:00+05:30,1530.0,1550.9000244140625,1526.699951171875,1549.0999755859375,18171724,0.0,0.0,1514.4111328125,1494.1380964006696,1,0.0,0,0.0
2025-11-21 00:00:00+05:30,1541.0,1557.800048828125,1540.0999755859375,1546.5999755859375,9615271,0.0,0.0,1520.7777913411458,1498.0142880394346,1,0.0,0,0.0
2025-11-24 00:00:00+05:30,1550.0,1550.0,1531.800048828125,1535.9000244140625,18433951,0.0,0.0,1525.5000135633682,1502.1809547061011,1,0.0,0,0.0
2025-11-25 00:00:00+05:30,1535.9000244140625,1559.5999755859375,1525.0999755859375,1539.699951171875,15033482,0.0,0.0,1528.6333414713542,1506.3761916387648,1,0.0,0,0.0
2025-11-26 00:00:00+05:30,1542.300048828125,1571.5999755859375,1540.5,1569.9000244140625,14054299,0.0,0.0,1535.1888970269097,1510.4619082496279,1,0.0,0,0.0
2025-11-27 00:00:00+05:30,1575.0,1575.5,1556.0,1563.4000244140625,9794643,0.0,0.0,1540.1333414713542,1514.1047653924852,1,0.0,0,0.0
2025-11-28 00:00:00+05:30,1568.0,1581.300048828125,1563.0,1567.5,8959508,0.0,0.0,1545.6000027126736,1517.1190534319196,1,0.0,0,0.0
2025-12-01 00:00:00+05:30,1575.0,1577.5,1563.5999755859375,1566.0999755859375,8920233,0.0,0.0,1550.7888861762153,1520.8142903645833,1,0.0,0,0.0
2025-12-02 00:00:00+05:30,1561.0999755859375,1567.5,1542.0,1546.300048828125,11389150,0.0,0.0,1553.8333333333333,1523.6666724795386,1,0.0,0,0.0
2025-12-03 00:00:00+05:30,1545.199951171875,1552.4000244140625,1533.0,1538.800048828125,6090883,0.0,0.0,1552.6888970269097,1526.2428676060267,1,0.0,0,0.0
2025-12-04 00:00:00+05:30,1536.0,1560.5,1517.5999755859375,1535.5999755859375,11867930,0.0,0.0,1551.4666748046875,1529.2190580822173,1,0.0,0,0.0
2025-12-05 00:00:00+05:30,1530.4000244140625,1545.800048828125,1520.5999755859375,1540.5999755859375,10183266,0.0,0.0,1551.9888916015625,1531.3381057012648,1,0.0,0,0.0
2025-12-08 00:00:00+05:30,1539.199951171875,1551.0,1535.0,1543.0,11301491,0.0,0.0,1552.3555636935764,1534.4333437965029,1,0.0,0,0.0
2025-12-09 00:00:00+05:30,1540.300048828125,1542.5,1520.0999755859375,1529.4000244140625,11503971,0.0,0.0,1547.8555636935764,1536.3428664434523,0,0.0,1,1529.4000244140625
2025-12-10 00:00:00+05:30,1534.0,1547.5,1531.4000244140625,1536.9000244140625,7991629,0.0,0.0,1544.9111192491318,1538.414295014881,0,0.0,1,0.0
2025-12-11 00:00:00+05:30,1536.9000244140625,1550.0,1524.0,1545.0,4706197,0.0,0.0,1542.4111192491318,1540.009533110119,1,1545.0,0,0.0
2025-12-12 00:00:00+05:30,1550.800048828125,1559.800048828125,1546.0999755859375,1556.5,5106655,0.0,0.0,1541.344455295139,1542.1809605189733,1,0.0,0,0.0
2025-12-15 00:00:00+05:30,1551.199951171875,1558.5999755859375,1546.5,1556.199951171875,5774543,0.0,0.0,1542.4444444444443,1543.9571475074404,1,0.0,0,0.0
2025-12-16 00:00:00+05:30,1545.0,1551.699951171875,1538.800048828125,1542.300048828125,11731856,0.0,0.0,1542.8333333333333,1545.1000046502977,0,0.0,1,1542.300048828125
2025-12-17 00:00:00+05:30,1550.0,1550.0,1539.300048828125,1544.4000244140625,7116649,0.0,0.0,1543.8111165364583,1546.2904808407739,0,0.0,1,0.0
2025-12-18 00:00:00+05:30,1535.199951171875,1551.5,1535.199951171875,1544.4000244140625,6580829,0.0,0.0,1544.2333441840278,1547.5047665550596,0,0.0,1,0.0
2025-12-19 00:00:00+05:30,1554.4000244140625,1574.199951171875,1551.0,1565.0999755859375,13937275,0.0,0.0,1546.6888970269097,1548.2666713169642,1,1565.0999755859375,0,0.0
2025-12-22 00:00:00+05:30,1573.5,1577.5,1565.300048828125,1575.4000244140625,10184852,0.0,0.0,1551.8000081380208,1549.6381022135417,1,0.0,0,0.0
2025-12-23 00:00:00+05:30,1580.9000244140625,1580.9000244140625,1568.0999755859375,1570.699951171875,7506564,0.0,0.0,1555.5555555555557,1551.2952415829614,1,0.0,0,0.0
2025-12-24 00:00:00+05:30,1572.699951171875,1575.699951171875,1553.5999755859375,1558.199951171875,8815745,0.0,0.0,1557.022216796875,1552.1761939639136,1,0.0,0,0.0
2025-12-26 00:00:00+05:30,1554.699951171875,1561.0,1554.300048828125,1559.199951171875,2311495,0.0,0.0,1557.3222113715278,1551.6666666666667,1,0.0,0,0.0
2025-12-29 00:00:00+05:30,1554.9000244140625,1558.0999755859375,1543.5999755859375,1545.5999755859375,5972105,0.0,0.0,1556.1444363064236,1550.8190452938989,0,0.0,1,1545.5999755859375
2025-12-30 00:00:00+05:30,1547.0,1553.5999755859375,1537.800048828125,1539.800048828125,8815884,0.0,0.0,1555.8666585286458,1549.5,0,0.0,1,0.0
2025-12-31 00:00:00+05:30,1541.0,1577.0,1541.0,1570.4000244140625,5771830,0.0,0.0,1558.7555474175347,1549.7047642299108,1,1570.4000244140625,0,0.0
2026-01-01 00:00:00+05:30,1573.699951171875,1592.5,1571.0999755859375,1575.5999755859375,6408128,0.0,0.0,1562.2222086588542,1551.0999988374256,1,0.0,0,0.0
2026-01-02 00:00:00+05:30,1580.0,1594.5999755859375,1578.199951171875,1592.300048828125,6602230,0.0,0.0,1565.2444390190972,1553.6476178850446,1,0.0,0,0.0
2026-01-05 00:00:00+05:30,1593.0,1611.800048828125,1575.300048828125,1578.0999755859375,8704973,0.0,0.0,1565.54443359375,1555.6714274088542,1,0.0,0,0.0
2026-01-06 00:00:00+05:30,1569.0,1569.0,1496.300048828125,1507.5999755859375,27417125,0.0,0.0,1558.5333251953125,1554.0999988374256,0,0.0,1,1507.5999755859375
2026-01-07 00:00:00+05:30,1510.0,1520.0,1498.0,1504.199951171875,11199340,0.0,0.0,1552.5333251953125,1552.2523774646577,0,0.0,1,0.0
2026-01-08 00:00:00+05:30,1500.0,1503.9000244140625,1468.800048828125,1470.5999755859375,16518684,0.0,0.0,1542.6888834635417,1549.4523751395088,0,0.0,1,0.0
2026-01-09 00:00:00+05:30,1465.0,1479.9000244140625,1465.0,1475.300048828125,8335311,0.0,0.0,1534.8777804904514,1546.51904296875,0,0.0,1,0.0
2026-01-12 00:00:00+05:30,1475.300048828125,1485.300048828125,1451.0,1483.199951171875,8883745,0.0,0.0,1528.5888807508682,1543.576183500744,0,0.0,1,0.0
2026-01-13 00:00:00+05:30,1485.0,1485.800048828125,1444.699951171875,1452.800048828125,13499760,0.0,0.0,1515.522216796875,1538.6380905877977,0,0.0,1,0.0
2026-01-14 00:00:00+05:30,1444.0,1467.0,1440.199951171875,1458.800048828125,8321764,0.0,0.0,1502.5444471571182,1534.0,0,0.0,1,0.0
2026-01-15 00:00:00+05:30,1458.800048828125,1458.800048828125,1458.800048828125,1458.800048828125,0,0.0,0.0,1487.7111138237847,1530.0238095238096,0,0.0,1,0.0
2026-01-16 00:00:00+05:30,1458.800048828125,1480.0,1455.0999755859375,1457.9000244140625,17167161,0.0,0.0,1474.3555636935764,1525.904761904762,0,0.0,1,0.0
2026-01-19 00:00:00+05:30,1450.5999755859375,1450.5999755859375,1403.300048828125,1413.5999755859375,20392765,0.0,0.0,1463.9111192491318,1519.6761881510417,0,0.0,1,0.0
2026-01-20 00:00:00+05:30,1410.699951171875,1416.0,1390.0,1394.0,13189498,0.0,0.0,1451.6666802300347,1511.5285702659971,0,0.0,1,0.0
2026-01-21 00:00:00+05:30,1389.5,1412.9000244140625,1373.0,1404.5999755859375,17352720,0.0,0.0,1444.3333468967014,1503.3952346075148,0,0.0,1,0.0
2026-01-22 00:00:00+05:30,1410.0999755859375,1419.5,1395.0,1402.5,15721693,0.0,0.0,1436.2444525824653,1495.3857131231398,0,0.0,1,0.0
2026-01-23 00:00:00+05:30,1401.800048828125,1407.0,1381.0,1386.0999755859375,9837802,0.0,0.0,1425.45556640625,1487.1904761904761,0,0.0,1,0.0
2026-01-27 00:00:00+05:30,1380.0,1391.5999755859375,1368.0,1380.5,26302396,0.0,0.0,1417.4222276475693,1478.6809547061011,0,0.0,1,0.0
2026-01-28 00:00:00+05:30,1385.0,1409.9000244140625,1384.9000244140625,1396.699951171875,11121657,0.0,0.0,1410.522216796875,1471.5904773530506,0,0.0,1,0.0
2026-01-29 00:00:00+05:30,1402.9000244140625,1402.9000244140625,1384.0,1391.0,20846683,0.0,0.0,1402.9888780381943,1464.5047607421875,0,0.0,1,0.0
2026-01-30 00:00:00+05:30,1382.5999755859375,1390.4000244140625,1378.5,1387.800048828125,3882977,0.0,0.0,1395.1999918619792,1455.8095238095239,0,0.0,1,0.0
